,type,char,movie,Freebase_character/actor_map_ID,Actor_name,Gender
0,absent_minded_professor,Professor Philip Brainard,Flubber,/m/0jy9q0,Robin Williams,M
1,absent_minded_professor,Professor Keenbean,Richie Rich,/m/02vchl3,Michael McShane,M
2,absent_minded_professor,Dr. Reinhardt Lane,The Shadow,/m/0k6fkc,Ian McKellen,M
3,absent_minded_professor,Dr. Harold Medford,Them!,/m/0k6_br,Edmund Gwenn,M
4,absent_minded_professor,Daniel Jackson,Stargate,/m/0k3rhh,James Spader,M
5,adventurer_archaeologist,Indiana Jones,Indiana Jones and the Kingdom of the Crystal Skull,/m/0jzx78,Harrison Ford,M
6,adventurer_archaeologist,Indiana Jones,Indiana Jones and the Raiders of the Lost Ark,/m/0k294p,Harrison Ford,M
7,adventurer_archaeologist,Indiana Jones,Indiana Jones and the Temple of Doom,/m/0jzx9b,Harrison Ford,M
8,adventurer_archaeologist,Evelyn Carnahan-O'Connell,The Mummy,/m/0k5yzc,Rachel Weisz,F
9,arrogant_kungfu_guy,Han,Enter the Dragon,/m/02vd8hn,Shih Kien,M
10,arrogant_kungfu_guy,Johnny Lawrence,The Karate Kid,/m/0k5jyf,William Zabka,M
11,jerk_jock,Johnny Lawrence,The Karate Kid,/m/0k5jyf,William Zabka,M
12,arrogant_kungfu_guy,Jen Yu,"Crouching Tiger, Hidden Dragon",/m/0jwv09,Zhang Ziyi,F
13,arrogant_kungfu_guy,Pai Mei,Kill Bill Volume 2,/m/0gz3h92,Chia Hui Liu,M
14,arrogant_kungfu_guy,Apollo Creed,Rocky,/m/0k2n0d,Carl Weathers,M
15,arrogant_kungfu_guy,Clubber Lang,Rocky III,/m/0k2n56,Mr. T,M
16,arrogant_kungfu_guy,Storm Shadow,G.I. Joe: The Rise of Cobra,/m/052dfd5,Lee Byung-Hun,M
17,arrogant_kungfu_guy,Kurgan,Highlander,/m/02214xq,Clancy Brown,M
18,arrogant_kungfu_guy,Anakin Skywalker,Star Wars Episode III: Revenge of the Sith,/m/02sg5ry,Hayden Christensen,M
19,byronic_hero,Anakin Skywalker,Star Wars Episode III: Revenge of the Sith,/m/02sg5ry,Hayden Christensen,M
20,big_man_on_campus,Guy Perkins,Never Been Kissed,/m/02vbkvz,Jeremy Jordan,M
21,big_man_on_campus,John Tucker,John Tucker Must Die,/m/0j_6gm,Jesse Metcalfe,M
22,big_man_on_campus,Woody Deane,It's a Boy Girl Thing,/m/02vc983,Kevin Zegers,M
23,big_man_on_campus,Van Wilder,National Lampoon's Van Wilder,/m/0k14rv,Ryan Reynolds,M
24,big_man_on_campus,Paul Metzler,Election,/m/02vdf9d,Chris Klein,M
25,brainless_beauty,Paul Metzler,Election,/m/02vdf9d,Chris Klein,M
26,big_man_on_campus,Troy Bolton,High School Musical,/m/0jzdys,Zac Efron,M
27,big_man_on_campus,Mike Dexter,Can't Hardly Wait,/m/03jsnmf,Peter Facinelli,M
28,jerk_jock,Mike Dexter,Can't Hardly Wait,/m/03jsnmf,Peter Facinelli,M
29,bounty_hunter,Man with No Name,For a Few Dollars More,/m/0jybsq,Clint Eastwood,M
30,bounty_hunter,Josey Wales,The Outlaw Josey Wales,/m/0k61jr,Clint Eastwood,M
31,heartbroken_badass,Josey Wales,The Outlaw Josey Wales,/m/0k61jr,Clint Eastwood,M
32,bounty_hunter,Jellon Lamb,The Proposition,/m/06wh7_d,John Hurt,M
33,bounty_hunter,Beck,The Rundown,/m/0k6bqx,The Rock,M
34,bounty_hunter,Rick Deckard,Blade Runner,/m/0jvhbm,Harrison Ford,M
35,hardboiled_detective,Rick Deckard,Blade Runner,/m/0jvhbm,Harrison Ford,M
36,bounty_hunter,Leonard Smalls,Raising Arizona,/m/02vbtgt,"Randall ""Tex"" Cobb",M
37,bounty_hunter,Jack Walsh,Midnight Run,/m/0k0n9r,Robert De Niro,M
38,bounty_hunter,Milo Boyd,The Bounty Hunter,/m/0772tb3,Gerard Butler,M
39,bounty_hunter,Toombs,The Chronicles of Riddick,/m/0k4qdz,Nick Chinlund,M
40,bounty_hunter,Nick Randall,Wanted: Dead or Alive,/m/03jsm0f,Rutger Hauer,M
41,brainless_beauty,Gemma Honeycutt,Fool's Gold,/m/04dddz5,Alexis Dziena,F
42,brainless_beauty,Matt Mateo,The Opposite of Sex,/m/02tbdw7,Ivan Sergei,M
43,brainless_beauty,Shelley Darlingson,The House Bunny,/m/04dgw4t,Anna Faris,F
44,brainless_beauty,Brace Channing,My Favorite Martian,/m/03lvf22,Elizabeth Hurley,F
45,brainless_beauty,Mia,Stan Helsing,/m/0gc3g1p,Desi Lydic,F
46,dumb_blonde,Mia,Stan Helsing,/m/0gc3g1p,Desi Lydic,F
47,brainless_beauty,Marcia Brady,The Brady Bunch Movie,/m/0k4k_5,Christine Taylor,F
48,brainless_beauty,Chris,Roxanne,/m/0k2q15,Rick Rossovich,M
49,brainless_beauty,Buffy Summers,Buffy the Vampire Slayer,/m/0jvy0r,Kristy Swanson,F
50,valley_girl,Buffy Summers,Buffy the Vampire Slayer,/m/0jvy0r,Kristy Swanson,F
51,brainless_beauty,Brad,Extract,/m/0b3trzf,Dustin Milligan,M
52,brainless_beauty,Jack Bartlett,Sugar & Spice,/m/0cg2m9s,James Marsden,M
53,brainless_beauty,Maggie Feller,In Her Shoes,/m/0jzvtp,Cameron Diaz,F
54,broken_bird,Chelsea Deardon,Legal Eagles,/m/0j_wlm,Daryl Hannah,F
55,broken_bird,Mad Hatter,Alice in Wonderland,/m/04q4dng,Johnny Depp,M
56,broken_bird,Nicole Oakley,Crazy/Beautiful,/m/0jwrqb,Kirsten Dunst,F
57,broken_bird,Annie Newton,The Invisible,/m/02tbbww,Margarita Levieva,F
58,broken_bird,Nina Sayers,Black Swan,/m/0cccx3m,Natalie Portman,F
59,bromantic_foil,Randal Graves,Clerks.,/m/0jwj18,Jeff Anderson,M
60,bromantic_foil,Randal Graves,Clerks II,/m/09vvrb_,Jeff Anderson,M
61,bromantic_foil,Brodie Bruce,Mallrats,/m/07ldy8x,Jason Lee,M
62,slacker,Brodie Bruce,Mallrats,/m/07ldy8x,Jason Lee,M
63,bromantic_foil,Banky Edwards,Chasing Amy,/m/05ckj7h,Jason Lee,M
64,bromantic_foil,Ed,Shaun of the Dead,/m/0k35nb,Nick Frost,M
65,bruiser_with_a_soft_center,Hellboy,Hellboy: Blood and Iron,/m/0jzb66,Ron Perlman,M
66,bruiser_with_a_soft_center,Tron,Tron,/m/0hcfdd1,Bruce Boxleitner,M
67,bruiser_with_a_soft_center,James Bond,Casino Royale,/m/02hw79s,Daniel Craig,M
68,byronic_hero,James Bond,Casino Royale,/m/02hw79s,Daniel Craig,M
69,charmer,James Bond,Casino Royale,/m/02hw79s,Daniel Craig,M
70,cultured_badass,James Bond,Casino Royale,/m/02hw79s,Daniel Craig,M
71,bully,Biff Tannen,Back to the Future,/m/0jty60,Thomas F. Wilson,M
72,jerk_jock,Biff Tannen,Back to the Future,/m/0jty60,Thomas F. Wilson,M
73,bully,Scut Farkus,A Christmas Story,/m/0jsprx,Zack Ward,M
74,bully,Vanessa,The Grudge 2,/m/0k592n,Teresa Palmer,F
75,byronic_hero,Jake LaMotta,Raging Bull,/m/0k28_g,Robert De Niro,M
76,crazy_jealous_guy,Jake LaMotta,Raging Bull,/m/0k28_g,Robert De Niro,M
77,byronic_hero,Travis Bickle,Taxi Driver,/m/0k43s9,Robert De Niro,M
78,byronic_hero,Martin Q. Blank,Grosse Pointe Blank,/m/0jz0wk,John Cusack,M
79,byronic_hero,Brand Hauser,War Inc.,/m/02vczvr,John Cusack,M
80,byronic_hero,Cobb,Inception,/m/0667g_f,Leonardo DiCaprio,M
81,gentleman_thief,Cobb,Inception,/m/0667g_f,Leonardo DiCaprio,M
82,byronic_hero,Achilles,Troy,/m/0k7ckp,Brad Pitt,M
83,byronic_hero,Britt Reid,The Green Hornet,/m/0h5m_9x,Seth Rogen,M
84,byronic_hero,Donnie Darko,Donnie Darko,/m/0jxftx,Jake Gyllenhaal,M
85,byronic_hero,Captain Jack Sparrow,Pirates of the Caribbean: Dead Man's Chest,/m/0k1xxm,Johnny Depp,M
86,charmer,Captain Jack Sparrow,Pirates of the Caribbean: Dead Man's Chest,/m/0k1xxm,Johnny Depp,M
87,coward,Captain Jack Sparrow,Pirates of the Caribbean: Dead Man's Chest,/m/0k1xxm,Johnny Depp,M
88,loveable_rogue,Captain Jack Sparrow,Pirates of the Caribbean: Dead Man's Chest,/m/0k1xxm,Johnny Depp,M
89,trickster,Captain Jack Sparrow,Pirates of the Caribbean: Dead Man's Chest,/m/0k1xxm,Johnny Depp,M
90,byronic_hero,"John Wilmot, 2nd Earl of Rochester",The Libertine,/m/0k5ptk,Johnny Depp,M
91,casanova,"John Wilmot, 2nd Earl of Rochester",The Libertine,/m/0k5ptk,Johnny Depp,M
92,byronic_hero,Robert Angier,The Prestige,/m/0k65k8,Hugh Jackman,M
93,byronic_hero,Tony Stark,Iron Man,/m/0j1__hv,Robert Downey Jr.,M
94,casanova,Tony Stark,Iron Man,/m/0j1__hv,Robert Downey Jr.,M
95,gadgeteer_genius,Tony Stark,Iron Man,/m/0j1__hv,Robert Downey Jr.,M
96,byronic_hero,Loki,Thor,/m/0855mjk,Tom Hiddleston,M
97,trickster,Loki,Thor,/m/0855mjk,Tom Hiddleston,M
98,byronic_hero,Lenny Nero,Strange Days,/m/0k3tt_,Ralph Fiennes,M
99,byronic_hero,Bill 'The Butcher' Cutting,Gangs of New York,/m/0jynbm,Daniel Day-Lewis,M
100,casanova,Giacomo Casanova,Casanova,/m/0jw4mw,Heath Ledger,M
101,casanova,Telly,Kids,/m/0j_flm,Leo Fitzpatrick,M
102,casanova,Dorian Gray,The League of Extraordinary Gentlemen,/m/0dkcy1f,Stuart Townsend,M
103,cultured_badass,Dorian Gray,The League of Extraordinary Gentlemen,/m/0dkcy1f,Stuart Townsend,M
104,casanova,Timothy,The Long Kiss Goodnight,/m/02vch3p,Craig Bierko,M
105,casanova,Johnny Wickham,Bride and Prejudice,/m/0cf_wtd,Daniel Gillies,M
106,chanteuse,Jessica Rabbit,Who Framed Roger Rabbit,/m/02wszk9,Kathleen Turner,F
107,chanteuse,Tina Carlyle,The Mask,/m/0k5wls,Cameron Diaz,F
108,chanteuse,Susie Diamond,The Fabulous Baker Boys,/m/0k50tl,Michelle Pfeiffer,F
109,chanteuse,Sugar Kane Kowalczyk,Some Like It Hot,/m/0k3j8v,Marilyn Monroe,F
110,chanteuse,Dorothy Vallens,Blue Velvet,/m/0jvlc4,Isabella Rossellini,F
111,chanteuse,Ellen Aim,Streets of Fire,/m/0k3w12,Diane Lane,F
112,charmer,Han Solo,Star Wars Episode IV: A New Hope,/m/0k3r1_,Harrison Ford,M
113,loveable_rogue,Han Solo,Star Wars Episode IV: A New Hope,/m/0k3r1_,Harrison Ford,M
114,charmer,Frank Abagnale Jr.,Catch Me If You Can,/m/0jw5pq,Leonardo DiCaprio,M
115,charmer,Harold Hill,The Music Man,/m/04hv61w,Matthew Broderick,M
116,loveable_rogue,Harold Hill,The Music Man,/m/04hv61w,Matthew Broderick,M
117,charmer,Flynn Rider,Tangled,/m/07sl05m,Zachary Levi,M
118,charmer,Hannibal Lecter,The Silence of the Lambs,/m/0k6g86,Anthony Hopkins,M
119,cultured_badass,Hannibal Lecter,The Silence of the Lambs,/m/0k6g86,Anthony Hopkins,M
120,child_prodigy,Anakin Skywalker,Star Wars Episode I: The Phantom Menace,/m/02sg5rn,Jake Lloyd,M
121,gadgeteer_genius,Anakin Skywalker,Star Wars Episode I: The Phantom Menace,/m/02sg5rn,Jake Lloyd,M
122,child_prodigy,Chris Knight,Real Genius,/m/0k2ckt,Val Kilmer,M
123,classy_cat_burglar,Danielle Foussard,To Catch a Thief,/m/02vbgd1,Brigitte Auber,F
124,consummate_professional,Frank Martin,The Transporter,/m/0k6r5t,Jason Statham,M
125,consummate_professional,Agent Smith,The Matrix,/m/0k5wz1,Hugo Weaving,M
126,consummate_professional,The Professor,The Bourne Identity,/m/0k4kdl,Clive Owen,M
127,consummate_professional,Sam 'Ace' Rothstein,Casino,/m/0jw4vx,Robert De Niro,M
128,crazy_jealous_guy,Sam 'Ace' Rothstein,Casino,/m/0jw4vx,Robert De Niro,M
129,corrupt_corporate_executive,Dick Jones,RoboCop,/m/0k2m8v,Ronny Cox,M
130,corrupt_corporate_executive,Cutler Beckett,Pirates of the Caribbean: Dead Man's Chest,/m/0k1xyw,Tom Hollander,M
131,corrupt_corporate_executive,Cutler Beckett,Pirates of the Caribbean: At World's End,/m/0k1xwx,Tom Hollander,M
132,corrupt_corporate_executive,Max Zorin,A View to a Kill,/m/02xl2ny,Christopher Walken,M
133,corrupt_corporate_executive,Carter Burke,Aliens,/m/0jt8n6,Paul Reiser,M
134,coward,Carter Burke,Aliens,/m/0jt8n6,Paul Reiser,M
135,corrupt_corporate_executive,Noah Cross,Chinatown,/m/0jwcjw,John Huston,M
136,corrupt_corporate_executive,Doctor Doom,Fantastic Four,/m/0jy24c,Julian McMahon,M
137,corrupt_corporate_executive,Kingpin,Daredevil,/m/0jwz5q,Michael Clarke Duncan,M
138,corrupt_corporate_executive,Judge Doom,Who Framed Roger Rabbit,/m/0k81j_,Christopher Lloyd,M
139,corrupt_corporate_executive,Conal Cochran,Halloween III: Season of the Witch,/m/0jz33w,Dan O'Herlihy,M
140,corrupt_corporate_executive,Mayor Augustus Maywho,How the Grinch Stole Christmas!,/m/0jzmfp,Jeffrey Tambor,M
141,corrupt_corporate_executive,Henry F. Potter,It's a Wonderful Life,/m/0j_11c,Lionel Barrymore,M
142,morally_bankrupt_banker,Henry F. Potter,It's a Wonderful Life,/m/0j_11c,Lionel Barrymore,M
143,corrupt_corporate_executive,Royalton,Speed Racer,/m/03jqz37,Roger Allam,M
144,corrupt_corporate_executive,B.Z.,Santa Claus: The Movie,/m/0k2w67,John Lithgow,M
145,corrupt_corporate_executive,Les Grossman,Tropic Thunder,/m/0gyjwgg,Tom Cruise,M
146,corrupt_corporate_executive,James McCullen - 1641,G.I. Joe: The Rise of Cobra,/m/0h5q191,David Murray,M
147,corrupt_corporate_executive,Ed Dillinger,Tron,/m/0k7cbx,David Warner,M
148,corrupt_corporate_executive,Ian Hawke,Alvin and the Chipmunks,/m/03kyztz,David Cross,M
149,corrupt_corporate_executive,Jack Bennett,Edge of Darkness,/m/08cwjsb,Danny Huston,M
150,corrupt_corporate_executive,Charles Travis,Congo,/m/02vclwl,Bruce Campbell,M
151,corrupt_corporate_executive,Gary Winston,Antitrust,/m/02vbk_v,Tim Robbins,M
152,corrupt_corporate_executive,Dietrich Banning,The Tuxedo,/m/0cgn58l,Ritchie Coster,M
153,corrupt_corporate_executive,Ratchet,Robots,/m/0k2mmy,Greg Kinnear,M
154,coward,Beni Gabor,The Mummy,/m/03jskk3,Kevin J. O'Connor,M
155,coward,Lt. Roget / Singing man,Paths of Glory,/m/0cc_884,Wayne Morris,M
156,coward,Ike Clanton,Tombstone,/m/0cg418l,Stephen Lang,M
157,coward,Cpl. Timothy P. Upham,Saving Private Ryan,/m/040qvsz,Jeremy Davies,M
158,crazy_jealous_guy,Sir Alfred De Carter,Unfaithfully Yours,/m/02vct43,Rex Harrison,M
159,crazy_jealous_guy,Heathcliff,Wuthering Heights,/m/0k86mc,Laurence Olivier,M
160,crazy_jealous_guy,Alisdair Stewart,The Piano,/m/0k63tb,Sam Neill,M
161,crazy_jealous_guy,Dr. Stephen Fleming,Damage,/m/0jwy3x,Jeremy Irons,M
162,crazy_jealous_guy,Otto,A Fish Called Wanda,/m/0jsqxv,Kevin Kline,M
163,crazy_jealous_guy,Frank N. Furter,The Rocky Horror Picture Show,/m/0k69_1,Tim Curry,M
164,crazy_jealous_guy,David McCall,Fear,/m/0jy3_h,Mark Wahlberg,M
165,crazy_jealous_guy,Bud White,L.A. Confidential,/m/0j_n0t,Russell Crowe,M
166,crazy_jealous_guy,Tony Montana,Scarface,/m/02_8_nx,Al Pacino,M
167,crazy_jealous_guy,Martin Burney,Sleeping with the Enemy,/m/0k3ddh,Patrick Bergin,M
168,crazy_jealous_guy,Tommy DeVito,Goodfellas,/m/0jyytb,Joe Pesci,M
169,crazy_jealous_guy,John Lotter,Boys Don't Cry,/m/0jvqzw,Peter Sarsgaard,M
170,crazy_jealous_guy,Jake McKenna,U Turn,/m/0k7gxk,Nick Nolte,M
171,crazy_jealous_guy,Duke of Monroth,Moulin Rouge!,/m/0k0vyn,Richard Roxburgh,M
172,crazy_jealous_guy,Bill,Kill Bill Volume 1,/m/0j_fvv,David Carradine,M
173,heartbroken_badass,Bill,Kill Bill Volume 1,/m/0j_fvv,David Carradine,M
174,master_swordsman,Bill,Kill Bill Volume 1,/m/0j_fvv,David Carradine,M
175,crazy_jealous_guy,Bobby Tennison,No One Would Tell,/m/0g9k2p6,Fred Savage,M
176,crazy_jealous_guy,Johnny Farrell,Gilda,/m/0jysmq,Glenn Ford,M
177,crazy_jealous_guy,Takeo,The Grudge,/m/0hgc9dq,Takashi Matsuyama,M
178,crazy_jealous_guy,Guy,Swimming with Sharks,/m/021_h9h,Frank Whaley,M
179,crazy_jealous_guy,Blue,Sucker Punch,/m/0850_tx,Oscar Isaac,M
180,crazy_jealous_guy,Tony Wendice,Dial M for Murder,/m/0jx7qr,Ray Milland,M
181,crazy_jealous_guy,Steven Taylor,A Perfect Murder,/m/0jsw40,Michael Douglas,M
182,crazy_jealous_guy,Geoffrey Clifton,The English Patient,/m/0k4_tz,Colin Firth,M
183,crazy_survivalist,Harlan Ogilvy,War of the Worlds,/m/0k7w6s,Tim Robbins,M
184,crazy_survivalist,Eli,The Book of Eli,/m/05nv915,Denzel Washington,M
185,crazy_survivalist,Marvin Boggs,Red,/m/0b7n5zy,John Malkovich,M
186,cultured_badass,Everett Hitch,Appaloosa,/m/04601vx,Viggo Mortensen,M
187,cultured_badass,Leopold,Kate & Leopold,/m/02tb9_v,Hugh Jackman,M
188,cultured_badass,Ghost Dog,Ghost Dog: The Way of the Samurai,/m/0jyr6h,Forest Whitaker,M
189,hitman_with_a_heart,Ghost Dog,Ghost Dog: The Way of the Samurai,/m/0jyr6h,Forest Whitaker,M
190,cultured_badass,Dupont,Equilibrium,/m/0jxwqx,Angus Macfadyen,M
191,cultured_badass,Arthur Burns,The Proposition,/m/0k66rt,Danny Huston,M
192,warrior_poet,Arthur Burns,The Proposition,/m/0k66rt,Danny Huston,M
193,dean_bitterman,Richard Vernon,The Breakfast Club,/m/0k4l6b,Paul Gleason,M
194,dean_bitterman,Ed Rooney,Ferris Bueller's Day Off,/m/0jy52w,Jeffrey Jones,M
195,dean_bitterman,Mr. Nolan,Dead Poets Society,/m/0jx21w,Norman Lloyd,M
196,dean_bitterman,Dean Richmond,The Nutty Professor,/m/0k60j5,Larry Miller,M
197,dirty_cop,Alonzo,Training Day,/m/0k79b3,Denzel Washington,M
198,dirty_cop,Dennis Peck,Internal Affairs,/m/0jzyzv,Richard Gere,M
199,dirty_cop,Colin Sullivan,The Departed,/m/0k4xjq,Matt Damon,M
200,dirty_cop,Police Captain Hank Quinlan,Touch of Evil,/m/0k78gf,Orson Welles,M
201,dirty_cop,Rooster,Righteous Kill,/m/02vcq3r,Al Pacino,M
202,dirty_cop,Abel Turner,Lakeview Terrace,/m/02tb650,Samuel L. Jackson,M
203,dirty_cop,The Lieutenant,Bad Lieutenant,/m/0jtz28,Harvey Keitel,M
204,ditz,Cher Horowitz,Clueless,/m/0jwjsy,Alicia Silverstone,F
205,valley_girl,Cher Horowitz,Clueless,/m/0jwjsy,Alicia Silverstone,F
206,ditz,Mr. Bean,Mr. Bean's Holiday,/m/0jygqg,Rowan Atkinson,M
207,ditz,Arthur Bach,Arthur,/m/0ghdkxh,Russell Brand,M
208,ditz,Nick,30 Minutes or Less,/m/0gvd8dq,Jesse Eisenberg,M
209,ditz,Henry Roth,50 First Dates,/m/0jsll5,Adam Sandler,M
210,ditz,Michael Newman,Click,/m/0jwj2t,Adam Sandler,M
211,ditz,Chuck Levine,I Now Pronounce You Chuck and Larry,/m/02vbl__,Adam Sandler,M
212,doormat,George McFly,Back to the Future,/m/0jty5w,Crispin Glover,M
213,doormat,Harry Dunne,Dumb & Dumber,/m/0jxmxp,Jeff Daniels,M
214,doormat,Belle,Beauty and the Beast: The Enchanted Christmas,/m/0fprkm7,Paige O'Hara,F
215,doormat,Stu Price,The Hangover,/m/05srhg_,Ed Helms,M
216,drill_sargeant_nasty,Gny. Sgt. Hartman,Full Metal Jacket,/m/0jykjt,R. Lee Ermey,M
217,drill_sargeant_nasty,Master Chief John James Urgayle,G.I. Jane,/m/0jylf1,Viggo Mortensen,M
218,drill_sargeant_nasty,Sgt. Hulka,Stripes,/m/022108v,Warren Oates,M
219,drill_sargeant_nasty,Sergeant Thomas Highway,Heartbreak Ridge,/m/0jz8d6,Clint Eastwood,M
220,drill_sargeant_nasty,Staff Sergeant Robert Barnes,Platoon,/m/0k1yyt,Tom Berenger,M
221,psycho_for_hire,Staff Sergeant Robert Barnes,Platoon,/m/0k1yyt,Tom Berenger,M
222,drill_sargeant_nasty,Maj. John Reisman,The Dirty Dozen: The Next Mission,/m/0b78ft6,Lee Marvin,M
223,dumb_blonde,Kitty Packard,Dinner at Eight,/m/0jx9zj,Jean Harlow,F
224,dumb_blonde,Cindy Campbell,Scary Movie 4,/m/0k2y_7,Anna Faris,F
225,dumb_blonde,Cindy Campbell,Scary Movie 3,/m/0k2z05,Anna Faris,F
226,dumb_blonde,Brandi,Observe and Report,/m/059sp8v,Anna Faris,F
227,dumb_blonde,Pola Debevoise,How to Marry a Millionaire,/m/0jzmyb,Marilyn Monroe,F
228,dumb_blonde,Romy White,Romy and Michele's High School Reunion,/m/0k2p5c,Mira Sorvino,F
229,slacker,Romy White,Romy and Michele's High School Reunion,/m/0k2p5c,Mira Sorvino,F
230,valley_girl,Romy White,Romy and Michele's High School Reunion,/m/0k2p5c,Mira Sorvino,F
231,dumb_blonde,Michele Weinberger,Romy and Michele's High School Reunion,/m/0k2p5j,Lisa Kudrow,F
232,slacker,Michele Weinberger,Romy and Michele's High School Reunion,/m/0k2p5j,Lisa Kudrow,F
233,dumb_blonde,Suzanne Stone Maretto,To Die For,/m/0k75t3,Nicole Kidman,F
234,dumb_blonde,Rocky Horror - A Creation,The Rocky Horror Picture Show,/m/02tb6wq,Peter Hinwood,M
235,dumb_blonde,Lina Lamont,Singin' in the Rain,/m/0k3b2r,Jean Hagen,F
236,prima_donna,Lina Lamont,Singin' in the Rain,/m/0k3b2r,Jean Hagen,F
237,dumb_muscle,Lennie Pike,"It's a Mad, Mad, Mad, Mad World",/m/01z0cck,Jonathan Winters,M
238,dumb_muscle,Mongo,Blazing Saddles,/m/04w0vjn,Alex Karras,M
239,dumb_muscle,Fezzik,The Princess Bride,/m/0k65zh,André the Giant,M
240,dumb_muscle,Karl Childers,Sling Blade,/m/0k3dtt,Billy Bob Thornton,M
241,eccentric_mentor,Aughra,The Dark Crystal,/m/02vbpft,Billie Whitelaw,F
242,eccentric_mentor,Mr. Kesuke Miyagi,The Karate Kid,/m/0k5jxz,Pat Morita,M
243,eccentric_mentor,Yoda,Star Wars Episode V: The Empire Strikes Back,/m/02sg6hm,Frank Oz,M
244,eccentric_mentor,Gandalf,The Lord of the Rings: The Fellowship of the Ring,/m/0k5s9d,Ian McKellen,M
245,eccentric_mentor,Fin Raziel,Willow,/m/0k837x,Patricia Hayes,F
246,egomaniac_hunter,Clayton,Tarzan,/m/0k42s4,Brian Blessed,M
247,egomaniac_hunter,Gaston,Beauty and the Beast,/m/0jv4jc,Richard White,M
248,jerk_jock,Gaston,Beauty and the Beast,/m/0jv4jc,Richard White,M
249,egomaniac_hunter,Charles Muntz,Up,/m/045_c9z,Christopher Plummer,M
250,egomaniac_hunter,John Wilson,"White Hunter, Black Heart",/m/0k818w,Clint Eastwood,M
251,egomaniac_hunter,Victor Quartermaine,Wallace & Gromit: The Curse of the Were-Rabbit,/m/0k7vr9,Ralph Fiennes,M
252,egomaniac_hunter,The Predator,Predator 2,/m/03lpp78,Kevin Peter Hall,M
253,egomaniac_hunter,The Predator,Predator,/m/0h34xg2,Peter Cullen,M
254,evil_prince,Prince Yu,Curse of the Golden Flower,/m/0gbxx9x,Junjie Qin,
255,evil_prince,Crown Prince Leopold,The Illusionist,/m/0k5f_q,Rufus Sewell,M
256,evil_prince,Commodus,Gladiator,/m/0jytd4,Joaquin Phoenix,M
257,evil_prince,Lord Nelson Rathbone,Shanghai Knights,/m/02vd4f4,Aidan Gillen,M
258,evil_prince,Prince Nuada,Hellboy 2: The Golden Army,/m/04m9lhl,Luke Goss,M
259,evil_prince,Nizam,Prince of Persia: The Sands of Time,/m/04m5488,Ben Kingsley,M
260,evil_prince,Prince Otwani,Sheena,/m/0k36bq,Trevor Thomas,M
261,evil_prince,Prince Humperdinck,The Princess Bride,/m/0k65z0,Chris Sarandon,M
262,fastest_gun_in_the_west,Jim,Blazing Saddles,/m/0jvhqr,Gene Wilder,M
263,fastest_gun_in_the_west,Bret Maverick,Maverick,/m/0k0hyr,Mel Gibson,M
264,fastest_gun_in_the_west,Ned Nederlander,¡Three Amigos!,/m/0jshd9,Martin Short,M
265,fastest_gun_in_the_west,Harmonica,Once Upon a Time in the West,/m/0k1j46,Charles Bronson,M
266,revenge,Harmonica,Once Upon a Time in the West,/m/0k1j46,Charles Bronson,M
267,fastest_gun_in_the_west,Sheriff Woody,Toy Story,/m/0k78tv,Tom Hanks,M
268,fastest_gun_in_the_west,Ben Wade,3:10 to Yuma,/m/03hqy08,Russell Crowe,M
269,fastest_gun_in_the_west,RoboCop,RoboCop,/m/0h5q82q,Peter Weller,M
270,father_to_his_men,Capt. Mikhail Polenin,K-19: The Widowmaker,/m/0j_9gv,Liam Neeson,M
271,father_to_his_men,Capt. Nathan Cutting Brittles,She Wore a Yellow Ribbon,/m/0k35w2,John Wayne,M
272,father_to_his_men,Maximus Decimus Meridius,Gladiator,/m/0jytc_,Russell Crowe,M
273,father_to_his_men,Jack Aubrey,Master and Commander: The Far Side of the World,/m/0k0h66,Russell Crowe,M
274,officer_and_a_gentleman,Jack Aubrey,Master and Commander: The Far Side of the World,/m/0k0h66,Russell Crowe,M
275,father_to_his_men,Captain Benjamin L. Willard,Apocalypse Now,/m/0jtp2f,Martin Sheen,M
276,father_to_his_men,Captain of the 'Weser',Das Boot,/m/0j47kxy,Günter Lamprecht,M
277,father_to_his_men,Captain Nemo,The League of Extraordinary Gentlemen,/m/0k5nrw,Naseeruddin Shah,M
278,father_to_his_men,Capt. James 'Bugger' Staros,The Thin Red Line,/m/0k6nwg,Elias Koteas,M
279,father_to_his_men,Gen. Robert E. Lee,Gettysburg,/m/0jyqwm,Martin Sheen,M
280,father_to_his_men,General Kuribayashi,Letters from Iwo Jima,/m/03jtctp,Ken Watanabe,M
281,father_to_his_men,Lt. Commander Ron Hunter,Crimson Tide,/m/0jwsnp,Denzel Washington,M
282,father_to_his_men,Christopher Pike,Star Trek,/m/03ld2yg,Bruce Greenwood,M
283,father_to_his_men,Zordon,Mighty Morphin' Power Rangers: The Movie,/m/0k0nmw,Nicholas Bell,M
284,father_to_his_men,Wolfstan,Black Death,/m/0cg03cg,John Lynch,M
285,father_to_his_men,Major Henry West,28 Days Later,/m/0jskmk,Christopher Eccleston,M
286,final_girl,Nancy Thompson,A Nightmare on Elm Street,/m/0jsvgr,Heather Langenkamp,F
287,final_girl,Sidney Prescott,Scream,/m/0k2_bc,Neve Campbell,F
288,final_girl,Ellen Ripley,Alien,/m/0jt7sz,Sigourney Weaver,F
289,final_girl,Sarah Connor,The Terminator,/m/0k6m_h,Linda Hamilton,F
290,final_girl,Laurie Strode,Halloween,/m/0jz2x0,Jamie Lee Curtis,F
291,final_girl,Whitney Miller,Friday the 13th,/m/04ls8ty,Amanda Righetti,F
292,gadgeteer_genius,Dr. Loveless,Wild Wild West,/m/0k82tm,Kenneth Branagh,M
293,gadgeteer_genius,Artemus Gordon,Wild Wild West,/m/0k82tg,Kevin Kline,M
294,gadgeteer_genius,Lewis,Meet the Robinsons,/m/0k0kn_,Tom Selleck,M
295,gadgeteer_genius,Ling Ling Fat,Forbidden City Cop,/m/02vb6nv,Stephen Chow,M
296,gadgeteer_genius,Lucius Fox,The Dark Knight,/m/045yrqg,Morgan Freeman,M
297,gentleman_thief,John Robie,To Catch a Thief,/m/0k75r_,Cary Grant,M
298,gentleman_thief,Sir Charles Lytton,The Pink Panther,/m/0k63yr,David Niven,M
299,gentleman_thief,Neil McCauley,Heat,/m/0jz8sq,Robert De Niro,M
300,gentleman_thief,Rodney Skinner,The League of Extraordinary Gentlemen,/m/0k5ns5,Tony Curran,M
301,loveable_rogue,Rodney Skinner,The League of Extraordinary Gentlemen,/m/0k5ns5,Tony Curran,M
302,gentleman_thief,Nick Wells,The Score,/m/0k6d1f,Robert De Niro,M
303,granola_person,Beth,John Tucker Must Die,/m/0j_6h2,Sophia Bush,F
304,granola_person,Jasper Palmer,Children of Men,/m/0jwbh7,Michael Caine,M
305,granola_person,Max Dennison,Hocus Pocus,/m/02vd92w,Omri Katz,M
306,granola_person,Lotte Schwartz,Being John Malkovich,/m/0jv6mp,Cameron Diaz,F
307,granola_person,Ana Pascal,Stranger Than Fiction,/m/0k3t_x,Maggie Gyllenhaal,F
308,granola_person,Ashley,Orange County,/m/0k1m4g,Schuyler Fisk,F
309,granola_person,Sheldon Mopes,Death to Smoochy,/m/0jx3b8,Edward Norton,M
310,granola_person,Bill Django,The Men Who Stare at Goats,/m/06679y8,Jeff Bridges,M
311,grumpy_old_man,Max Goldman,Grumpy Old Men,/m/02vcwz0,Walter Matthau,M
312,grumpy_old_man,Walt Kowalski,Gran Torino,/m/059t435,Clint Eastwood,M
313,grumpy_old_man,Carl Fredricksen,Up,/m/045_cb3,Ed Asner,M
314,grumpy_old_man,Howard Beale,Network,/m/0k168v,Peter Finch,M
315,grumpy_old_man,Judge Elihu Smails,Caddyshack,/m/04w0v_v,Ted Knight,M
316,hardboiled_detective,Sam Spade,The Maltese Falcon,/m/04dmkpj,Humphrey Bogart,M
317,hardboiled_detective,Philip Marlowe,The Big Sleep,/m/0k4gwm,Humphrey Bogart,M
318,hardboiled_detective,Dist. Atty. Martin Ferguson,The Enforcer,/m/0k4_sm,Humphrey Bogart,M
319,hardboiled_detective,Capt. 'Rip' Murdock,Dead Reckoning,/m/0jx253,Humphrey Bogart,M
320,hardboiled_detective,Jeff Bailey,Out of the Past,/m/0k1nzj,Robert Mitchum,M
321,hardboiled_detective,J. J. Gittes,Chinatown,/m/0jwcjk,Jack Nicholson,M
322,hardboiled_detective,Eddie Valiant,Who Framed Roger Rabbit,/m/0k81jp,Bob Hoskins,M
323,heartbroken_badass,Mina Harker,The League of Extraordinary Gentlemen,/m/0k5ns0,Peta Wilson,F
324,heartbroken_badass,James Bond,Quantum of Solace,/m/03hqwg_,Daniel Craig,M
325,heartbroken_badass,Max Rockatansky,Mad Max,/m/0k09b2,Mel Gibson,M
326,heartbroken_badass,Tallahassee,Zombieland,/m/05skv28,Woody Harrelson,M
327,heartbroken_badass,Bruce Wayne,The Dark Knight Rises,/m/0n4g1dv,Christian Bale,M
328,henpecked_husband,Norbit,Norbit,/m/01z0rf5,Eddie Murphy,M
329,henpecked_husband,Bobby Davis,Wild Hogs,/m/0256cyz,Martin Lawrence,M
330,henpecked_husband,Dr. Ernest Menville,Death Becomes Her,/m/0jx2_4,Bruce Willis,M
331,henpecked_husband,Dr. Howard Bannister,"What's Up, Doc?",/m/0k7_cy,Ryan O'Neal,M
332,henpecked_husband,Ned Schneebly,School of Rock,/m/0k2zjr,Mike White,M
333,hitman_with_a_heart,Julian Noble,The Matador,/m/0k5wt7,Pierce Brosnan,M
334,hitman_with_a_heart,Jimmy 'The Tulip' Tudeski,The Whole Nine Yards,/m/0k6x0x,Bruce Willis,M
335,hitman_with_a_heart,Mr. Goodkat,Lucky Number Slevin,/m/0k087f,Bruce Willis,M
336,hitman_with_a_heart,John Lee,The Replacement Killers,/m/0k68kd,Chow Yun-Fat,M
337,hitman_with_a_heart,Il Duce,The Boondock Saints,/m/0k4k6j,Billy Connolly,M
338,hitman_with_a_heart,Jason Bourne,The Bourne Identity,/m/0k4kcz,Matt Damon,M
339,hitman_with_a_heart,Frank Falenczyk,You Kill Me,/m/02vb7cx,Ben Kingsley,M
340,hitman_with_a_heart,Wesley Gibson,Wanted,/m/02vb_l5,James McAvoy,M
341,hitman_with_a_heart,Vincent,Collateral,/m/0jwkz6,Tom Cruise,M
342,jerk_jock,Austin,Not Another Teen Movie,/m/0k1cs5,Eric Christian Olsen,M
343,jerk_jock,Jim,Edward Scissorhands,/m/0jxqwd,Anthony Michael Hall,M
344,jerk_jock,Kurt Kelly,Heathers,/m/0h5slxp,Lance Fenton,M
345,jerk_jock,Bo,Cursed,/m/0jwwhw,Milo Ventimiglia,M
346,jerk_jock,Garth,Alpha and Omega,/m/0d2jcym,Chris Carmack,M
347,junkie_prophet,Agatha,Minority Report,/m/0k0pgt,Samantha Morton,F
348,junkie_prophet,Cassie Holmes,Push,/m/040kc5w,Dakota Fanning,F
349,klutz,Mia Thermopolis,The Princess Diaries,/m/02vbfh2,Anne Hathaway,F
350,klutz,Seymour Krelborn,Little Shop of Horrors,/m/0k020r,Rick Moranis,M
351,loser_protagonist,Paul Blart,Paul Blart: Mall Cop,/m/059sm0m,Kevin James,M
352,loser_protagonist,Sidney Young,How to Lose Friends & Alienate People,/m/040l_q8,Simon Pegg,M
353,loser_protagonist,Dennis,"Run, Fat Boy, Run",/m/03lvx8n,Simon Pegg,M
354,loser_protagonist,Mark Bellison,The Invention of Lying,/m/062xh9l,Ricky Gervais,M
355,loser_protagonist,Dewey Finn,School of Rock,/m/0k2zjf,Jack Black,M
356,slacker,Dewey Finn,School of Rock,/m/0k2zjf,Jack Black,M
357,loser_protagonist,Rob Gordon,High Fidelity,/m/02vb_jp,John Cusack,M
358,loveable_rogue,Peter Blood,Captain Blood,/m/02vb_m3,Errol Flynn,M
359,loveable_rogue,Capt. Louis Renault,Casablanca,/m/05286qg,Claude Rains,M
360,loveable_rogue,Abu,The Thief of Bagdad,/m/0k6nkk,Sabu Dastagir,M
361,loveable_rogue,Eames,Inception,/m/07lkzl3,Tom Hardy,M
362,loveable_rogue,Wolverine,X-Men,/m/0k86q4,Hugh Jackman,M
363,master_swordsman,Qui-Gon Jinn,Star Wars Episode I: The Phantom Menace,/m/0k3qyf,Liam Neeson,M
364,master_swordsman,Obi-Wan Kenobi,Star Wars Episode I: The Phantom Menace,/m/0k3qy3,Ewan McGregor,M
365,master_swordsman,Darth Vader,Star Wars Episode V: The Empire Strikes Back,/m/02nwtmm,James Earl Jones,M
366,master_swordsman,Inigo Montoya,The Princess Bride,/m/0k65z5,Mandy Patinkin,M
367,revenge,Inigo Montoya,The Princess Bride,/m/0k65z5,Mandy Patinkin,M
368,tranquil_fury,Inigo Montoya,The Princess Bride,/m/0k65z5,Mandy Patinkin,M
369,master_swordsman,Archibald Cunningham,Rob Roy,/m/0k2ltj,Tim Roth,M
370,master_swordsman,Madmartigan,Willow,/m/0k8378,Val Kilmer,M
371,master_swordsman,Nameless,Hero,/m/0jzcr5,Jet Li,M
372,master_swordsman,Broken Sword,Hero,/m/0jzcrb,Tony Leung Chiu Wai,M
373,warrior_poet,Broken Sword,Hero,/m/0jzcrb,Tony Leung Chiu Wai,M
374,master_swordsman,Aragorn,The Lord of the Rings: The Return of the King,/m/0k5scp,Viggo Mortensen,M
375,master_swordsman,Blade,Blade,/m/0jvh78,Wesley Snipes,M
376,master_swordsman,He-Man,Masters of the Universe,/m/0k0h9d,Dolph Lundgren,M
377,morally_bankrupt_banker,Mr. Perkins,Despicable Me,/m/06zzgw6,Will Arnett,M
378,morally_bankrupt_banker,Patrick Bateman,American Psycho,/m/0jtfcj,Christian Bale,M
379,officer_and_a_gentleman,Norrington,Pirates of the Caribbean: Dead Man's Chest,/m/0k1xyd,Jack Davenport,M
380,officer_and_a_gentleman,Col. Robert Gould Shaw,Glory,/m/0jyts_,Matthew Broderick,M
381,officer_and_a_gentleman,Captain Nicholls,War Horse,/m/0gkcn1g,Tom Hiddleston,M
382,ophelia,Elisabeth Burrows,Don't Say a Word,/m/0jxfnl,Brittany Murphy,F
383,ophelia,Crazy Cora,Quigley Down Under,/m/02tb5g1,Laura San Giacomo,F
384,ophelia,Justine,Melancholia,/m/0gkj0cn,Kirsten Dunst,F
385,ophelia,Gina Montana,Scarface,/m/0k2ysf,Mary Elizabeth Mastrantonio,F
386,ophelia,Jane Olsen,The Cabinet of Dr. Caligari,/m/08cqh60,Lil Dagover,F
387,playful_hacker,Kevin Flynn,Tron,/m/0k7cbl,Jeff Bridges,M
388,playful_hacker,Sam Flynn,Tron: Legacy,/m/062y97x,Garrett Hedlund,M
389,playful_hacker,Riley Poole,National Treasure,/m/0k14vc,Justin Bartha,M
390,playful_hacker,David Lightman,WarGames,/m/0k7w8p,Matthew Broderick,M
391,playful_hacker,Mr. Universe,Serenity,/m/0k31lb,David Krumholtz,M
392,prima_donna,Sharpay Evans,High School Musical,/m/0jzdz2,Ashley Tisdale,F
393,prima_donna,Sharpay Evans,High School Musical 2,/m/02vc3dx,Ashley Tisdale,F
394,prima_donna,Sharpay Evans,High School Musical 3: Senior Year,/m/03lyytc,Ashley Tisdale,F
395,prima_donna,Margo Channing,All About Eve,/m/0jt8y2,Bette Davis,F
396,prima_donna,Norma Desmond,Sunset Boulevard,/m/0k3ybb,Gloria Swanson,F
397,psycho_for_hire,Gaear Grimsrud,Fargo,/m/0jy2x0,Peter Stormare,M
398,psycho_for_hire,Harlen Maguire,Road to Perdition,/m/0k2ljt,Jude Law,M
399,psycho_for_hire,Mr. Blonde,Reservoir Dogs,/m/0k2ggy,Michael Madsen,M
400,psycho_for_hire,Red Grant,From Russia with Love,/m/04p7pxj,Robert Shaw,M
401,psycho_for_hire,Anton Chigurh,No Country for Old Men,/m/03lgvz6,Javier Bardem,M
402,psycho_for_hire,Jackson Rippner,Red Eye,/m/0k2dm9,Cillian Murphy,M
403,psycho_for_hire,George Higgins,8mm,/m/03jsz47,Chris Bauer,M
404,psycho_for_hire,Major Arnold Toht,Indiana Jones and the Raiders of the Lost Ark,/m/02nwzyz,Ronald Lacey,M
405,psycho_for_hire,Mortimer Brewster,Arsenic and Old Lace,/m/0jtr3s,Cary Grant,M
406,psycho_for_hire,Col. Paul Tanner,My Fellow Americans,/m/04q604c,Everett McGill,M
407,psycho_for_hire,Bullet Tooth Tony,Snatch,/m/0k3gbw,Vinnie Jones,M
408,psycho_for_hire,Waingro,Heat,/m/03jrl1d,Kevin Gage,M
409,psycho_for_hire,Jack Wilson,Shane,/m/0k34x6,Jack Palance,M
410,psycho_for_hire,Isaacs,Hanna,/m/0gh94vc,Tom Hollander,M
411,psycho_for_hire,Frank,Once Upon a Time in the West,/m/0k1j4j,Henry Fonda,M
412,pupil_turned_to_evil,Count Dooku,Star Wars Episode II: Attack of the Clones,/m/0k3q_8,Christopher Lee,M
413,pupil_turned_to_evil,Aaron Hallam,The Hunted,/m/03ls4jv,Benicio del Toro,M
414,retired_outlaw,William Munny,Unforgiven,/m/0k7l31,Clint Eastwood,M
415,retired_outlaw,Ned Logan,Unforgiven,/m/04xg29q,Morgan Freeman,M
416,retired_outlaw,Butch Cassidy,Butch Cassidy and the Sundance Kid,/m/04ky2tz,Paul Newman,M
417,retired_outlaw,The Sundance Kid,Butch Cassidy and the Sundance Kid,/m/0jvzx9,Robert Redford,M
418,retired_outlaw,Patrick Floyd 'Pat' Garrett,Young Guns II,/m/03jsysn,William Petersen,M
419,retired_outlaw,Roy O'Bannon,Shanghai Noon,/m/0k34yw,Owen Wilson,M
420,revenge,Khan Noonien Singh,Star Trek II: The Wrath of Khan,/m/02h8fyx,Ricardo Montalbán,M
421,revenge,Col. Douglas Mortimer,For a Few Dollars More,/m/0jybsw,Lee Van Cleef,M
422,revenge,Leonard,Memento,/m/0k0l33,Guy Pearce,M
423,revenge,Conan the Barbarian,Conan the Destroyer,/m/0jwmfk,Arnold Schwarzenegger,M
424,romantic_runnerup,Lon Hammond Jr.,The Notebook,/m/04lsjwd,James Marsden,M
425,romantic_runnerup,Prince Edward,Enchanted,/m/0jxvm9,James Marsden,M
426,romantic_runnerup,James Norrington,Pirates of the Caribbean: At World's End,/m/0k1xw3,Jack Davenport,M
427,romantic_runnerup,Julian Mercer,Something's Gotta Give,/m/0k3jn6,Keanu Reeves,M
428,romantic_runnerup,Michael Grates,Reality Bites,/m/0k2ct2,Ben Stiller,M
429,romantic_runnerup,Proteus,Sinbad: Legend of the Seven Seas,/m/02vc177,Joseph Fiennes,M
430,self_made_man,George Kittredge,The Philadelphia Story,/m/0h6f8kc,John Howard,M
431,self_made_man,Roger Callaway,It Takes Two,/m/0j_0s0,Steve Guttenberg,M
432,self_made_man,"Daniel ""Rudy"" Ruettiger",Rudy,/m/02tb8j3,Sean Astin,M
433,slacker,Dale Denton,Pineapple Express,/m/02t9zmj,Seth Rogen,M
434,stoner,Dale Denton,Pineapple Express,/m/02t9zmj,Seth Rogen,M
435,slacker,Ben Stone,Knocked Up,/m/0j_ks0,Seth Rogen,M
436,slacker,Shaun,Shaun of the Dead,/m/0k35n0,Simon Pegg,M
437,slacker,Kumar Patel,Harold & Kumar Go to White Castle,/m/0jz5zx,Kal Penn,M
438,stoner,Kumar Patel,Harold & Kumar Go to White Castle,/m/0jz5zx,Kal Penn,M
439,slacker,Kumar Patel,Harold & Kumar Escape from Guantanamo Bay,/m/02vdfc2,Kal Penn,M
440,slacker,John Winger,Stripes,/m/0k3w4y,Bill Murray,M
441,slacker,Aram Finklestein,The Rebound,/m/064yxrp,Justin Bartha,M
442,stoner,Jay,Dogma,/m/0jxdkm,Jason Mewes,M
443,stoner,"Bill S. Preston, Esq.",Bill & Ted's Excellent Adventure,/m/0jvcqm,Alex Winter,M
444,surfer_dude,"Bill S. Preston, Esq.",Bill & Ted's Excellent Adventure,/m/0jvcqm,Alex Winter,M
445,stoner,"Ted ""Theodore"" Logan",Bill & Ted's Excellent Adventure,/m/0jvcqg,Keanu Reeves,M
446,surfer_dude,"Ted ""Theodore"" Logan",Bill & Ted's Excellent Adventure,/m/0jvcqg,Keanu Reeves,M
447,stoner,Jeff Spicoli,Fast Times at Ridgemont High,/m/0jy30b,Sean Penn,M
448,surfer_dude,Jeff Spicoli,Fast Times at Ridgemont High,/m/0jy30b,Sean Penn,M
449,stoner,Luke Shapiro,The Wackness,/m/040lm10,Josh Peck,M
450,stoner,Harold Lee,Harold & Kumar Go to White Castle,/m/0jz5zr,John Cho,M
451,stoner,Red,Pineapple Express,/m/04zk2_k,Danny McBride,M
452,stoner,Saul Silver,Pineapple Express,/m/02vb3yc,James Franco,M
453,stoner,Thadeous,Your Highness,/m/07zm_ym,Danny McBride,M
454,stoner,Fabious,Your Highness,/m/07zm_zv,James Franco,M
455,stoner,Marty Mikalski,The Cabin in the Woods,/m/083z84s,Fran Kranz,M
456,storyteller,Dilios,300,/m/0jsg_x,David Wenham,M
457,storyteller,Ed Bloom - Young,Big Fish,/m/0jvbkh,Ewan McGregor,M
458,storyteller,Garth McCann,Secondhand Lions,/m/0k309k,Michael Caine,M
459,storyteller,Wendy Darling,Peter Pan,/m/0k1vn1,Rachel Hurd-Wood,F
460,stupid_crooks,Sol,Snatch,/m/03jtd2p,Lennie James,M
461,stupid_crooks,Vinny,Snatch,/m/03lsltz,Robbie Gee,M
462,stupid_crooks,Tyrone,Snatch,/m/09hy0ym,Ade,M
463,stupid_crooks,Jerry Lundegaard,Fargo,/m/0jy2wd,William H. Macy,M
464,stupid_crooks,Vincent Vega,Pulp Fiction,/m/01xlj4l,John Travolta,M
465,surfer_dude,Chicken Joe,Surf's Up,/m/02_wz7y,Jon Heder,M
466,surfer_dude,Geek,Surf's Up,/m/02_wz9s,Jeff Bridges,M
467,surfer_dude,Stoney Brown,Encino Man,/m/0jxvpr,Pauly Shore,M
468,surfer_dude,Crawl,Son in Law,/m/02tb5qh,Pauly Shore,M
469,surfer_dude,Bud Macintosh,Bio-Dome,/m/02vcwzp,Pauly Shore,M
470,surfer_dude,Lance B. Johnson,Apocalypse Now,/m/02vd4sl,Sam Bottoms,M
471,the_chief,Dreyfus,The Pink Panther,/m/0k63xm,Kevin Kline,M
472,the_chief,Lt. Andrew Bogomil,Beverly Hills Cop,/m/045xnnw,Ronny Cox,M
473,the_chief,The Chief,Dirty Harry,/m/0cg54hp,John Larch,M
474,the_editor,Ben Bradlee,All the President's Men,/m/0jt9_0,Jason Robards,M
475,the_editor,Walter Burns,His Girl Friday,/m/0jzg14,Cary Grant,M
476,tranquil_fury,Eric Draven,The Crow,/m/0k4td6,Brandon Lee,M
477,tranquil_fury,John Preston,Equilibrium,/m/0jxwq8,Christian Bale,M
478,tranquil_fury,Ethan Hunt,Mission: Impossible,/m/0k0qpl,Tom Cruise,M
479,tranquil_fury,David Sumner,Straw Dogs,/m/0k3v65,Dustin Hoffman,M
480,tranquil_fury,Max Cady,Cape Fear,/m/0jw22y,Robert De Niro,M
481,tranquil_fury,Driver,Drive,/m/0g4vml8,Ryan Gosling,M
482,trickster,Han Solo,Star Wars Episode V: The Empire Strikes Back,/m/01xpntj,Harrison Ford,M
483,trickster,Tyler Durden,Fight Club,/m/0jy5tj,Brad Pitt,M
484,trickster,Mr. Nick,The Imaginarium of Dr. Parnassus,/m/03kz4l5,Tom Waits,M
485,valley_girl,Julie Richman,Valley Girl,/m/03jprhz,Deborah Foreman,F
486,valley_girl,Elle Woods,Legally Blonde,/m/0j_wm4,Reese Witherspoon,F
487,valley_girl,Karen,White Chicks,/m/045xr4n,Busy Philipps,F
488,warrior_poet,Katsumoto,The Last Samurai,/m/0k5n1r,Ken Watanabe,M
489,warrior_poet,Zohan,You Don't Mess with the Zohan,/m/03hqx35,Adam Sandler,M
490,warrior_poet,Colonel Walter E. Kurtz,Apocalypse Now,/m/0jtp23,Marlon Brando,M
491,warrior_poet,Master Li Mu Bai,"Crouching Tiger, Hidden Dragon",/m/0jwt__,Chow Yun-Fat,M
492,warrior_poet,Tool,The Expendables,/m/05tb1tv,Mickey Rourke,M
493,warrior_poet,T. E. Lawrence,Lawrence of Arabia,/m/0j_tdt,Peter O'Toole,M
494,warrior_poet,Horton the Elephant,Horton Hears a Who!,/m/05tgl99,Jim Carrey,M
495,young_gun,Chico,The Magnificent Seven,/m/0k5tn5,Horst Buchholz,M
496,young_gun,Morgan Earp,Tombstone,/m/0k776f,Bill Paxton,M
497,young_gun,Colorado Ryan,Rio Bravo,/m/0k2kqg,Ricky Nelson,M
498,young_gun,Tom Sawyer,The League of Extraordinary Gentlemen,/m/0k5nsh,Shane West,M
499,young_gun,William H. 'Billy the Kid' Bonney,Young Guns II,/m/03lrjk0,Emilio Estevez,M
500,young_gun,Jake,Silverado,/m/0k39jj,Kevin Costner,M
